video,short-term_memorability,nb_short-term_annotations,long-term_memorability,nb_long-term_annotations
7494,0.862076895,33,0.780822666,12
7495,0.864222227,34,0.783799249,10
7496,0.863678728,32,0.78269922,13
7497,0.864015131,33,0.782973416,10
7498,0.857471072,33,0.775268392,10
7499,0.863517661,33,0.782518926,13
7500,0.865490911,33,0.78481501,10
7502,0.862019823,43,0.780408206,15
7503,0.863103465,33,0.781877445,11
7504,0.863573307,33,0.783217185,15
7505,0.861520415,38,0.780995898,10
7506,0.851993306,34,0.769136827,10
7507,0.856428696,34,0.773140081,12
7508,0.859122336,33,0.777384654,14
7510,0.862993603,33,0.781977064,11
7511,0.865767508,34,0.785138544,18
7513,0.861520619,34,0.779575675,19
7515,0.86005832,33,0.778918193,13
7516,0.865375892,34,0.784706875,11
7517,0.855658597,33,0.7747037,13
7518,0.862627045,33,0.78092898,10
7519,0.863562613,32,0.782433988,10
7520,0.860847911,33,0.779217274,14
7521,0.865175732,34,0.784222283,14
7522,0.862444951,33,0.781855259,16
7523,0.866054866,34,0.78526241,14
7524,0.855976226,50,0.773382911,22
7525,0.861454122,42,0.780178995,10
7526,0.859818689,31,0.778539428,20
7527,0.860297759,33,0.778892064,17
7528,0.862227505,32,0.782069055,10
7530,0.86487664,34,0.784491991,11
7531,0.865802873,33,0.785021714,14
7532,0.860272161,33,0.778704157,14
7533,0.863410444,34,0.782670842,9
7534,0.860543896,34,0.780140689,10
7535,0.861318024,34,0.780098702,10
7536,0.861675165,46,0.779860367,11
7538,0.862556581,34,0.78166064,10
7539,0.86441837,32,0.784164788,10
7540,0.864321519,33,0.783497612,10
7541,0.858354457,35,0.777324463,10
7542,0.863402413,33,0.783227296,12
7543,0.861710986,33,0.781035627,12
7544,0.856003219,34,0.773878253,11
7545,0.862274359,33,0.782516372,13
7546,0.858447948,34,0.776787506,14
7548,0.862718226,38,0.781214319,9
7549,0.861897038,34,0.781333207,13
7550,0.865159524,56,0.784051603,21
7552,0.858422986,32,0.777448648,16
7554,0.864499417,51,0.783090339,24
7555,0.854139973,55,0.772058722,13
7556,0.860914518,33,0.77906271,19
7558,0.862085972,33,0.782272337,16
7560,0.857862116,33,0.776209768,12
7562,0.85614224,33,0.774236262,10
7563,0.866527239,32,0.786009476,16
7565,0.865862367,34,0.785089027,10
7566,0.865017347,34,0.784092613,13
7567,0.859345528,32,0.778039436,12
7568,0.862447035,34,0.781930572,13
7569,0.86327292,43,0.782205331,10
7571,0.863094004,32,0.781689324,11
7572,0.866050697,34,0.785125608,11
7573,0.862998511,37,0.781597279,11
7574,0.859688169,36,0.77777511,12
7575,0.865430667,34,0.785062583,14
7576,0.864499086,33,0.784036343,12
7578,0.859226383,47,0.777823762,11
7579,0.861596292,33,0.780308552,15
7580,0.854242002,33,0.77251911,17
7581,0.860378109,33,0.778792582,14
7582,0.86195066,34,0.781583456,10
7584,0.862092651,34,0.780609767,10
7585,0.862220458,41,0.78232793,16
7587,0.866216308,33,0.7855413,16
7588,0.86239401,76,0.781967996,16
7589,0.858660833,35,0.776990128,11
7590,0.865341095,58,0.784667697,13
7591,0.864218846,34,0.78305486,10
7592,0.851057817,33,0.767335835,11
7593,0.857103768,33,0.775173307,15
7596,0.863552596,33,0.782226956,12
7597,0.862737692,33,0.781184439,11
7598,0.848487248,32,0.764781535,11
7599,0.860827136,32,0.77920162,14
7600,0.857676195,34,0.775821273,9
7602,0.865175842,33,0.784159352,10
7603,0.859307703,34,0.777736722,24
7604,0.860882574,42,0.77799727,10
7605,0.865658677,39,0.785032246,11
7606,0.862040487,34,0.780051238,10
7607,0.855124779,33,0.773951386,12
7608,0.864172995,36,0.783877916,12
7609,0.862131896,33,0.780067016,16
7610,0.861079052,66,0.780667758,15
7611,0.858273467,33,0.776900831,20
7612,0.862168216,35,0.780689035,16
7613,0.864360508,32,0.783176743,10
7614,0.865591404,32,0.7848205,11
7615,0.863933307,33,0.782662542,12
7616,0.85333355,33,0.772086593,10
7617,0.855654371,32,0.773842291,18
7618,0.854602787,34,0.771540615,11
7619,0.860000647,34,0.778620901,11
7621,0.861038999,33,0.780992944,12
7624,0.853106097,33,0.770556225,20
7625,0.859958909,34,0.77943858,10
7626,0.853892841,33,0.771787648,12
7627,0.864085361,35,0.783344732,17
7628,0.862424196,34,0.780625071,12
7629,0.854731735,70,0.772907573,12
7631,0.864191653,33,0.782935948,10
7632,0.859292379,33,0.77845374,15
7633,0.863239774,32,0.781586256,16
7634,0.858159574,44,0.776589497,12
7635,0.860604739,33,0.778672892,12
7636,0.855716829,32,0.773552056,10
7637,0.864984597,34,0.784318642,15
7638,0.859885717,34,0.779426562,13
7640,0.858967418,34,0.77765882,13
7641,0.855906946,34,0.774154273,17
7642,0.857209658,39,0.773624141,10
7643,0.862628173,34,0.782374327,10
7644,0.865838668,44,0.78502903,9
7646,0.859866311,43,0.77997828,10
7647,0.857198617,32,0.776294597,13
7648,0.856779158,44,0.774860915,10
7649,0.864108296,34,0.782757182,11
7650,0.864127334,31,0.783460446,12
7651,0.863599959,33,0.783471087,10
7652,0.860866787,33,0.780838893,18
7654,0.8587815,34,0.779136464,9
7655,0.864587407,33,0.784241361,11
7656,0.858172865,34,0.776485095,13
7657,0.864782805,46,0.784020999,10
7659,0.855125106,31,0.773245527,11
7660,0.861808114,33,0.780825969,12
7661,0.855178784,35,0.772261627,13
7662,0.861411792,34,0.781262459,10
7664,0.862664703,32,0.781344243,10
7665,0.861769273,33,0.780377787,10
7667,0.859507682,38,0.77849262,12
7669,0.862050503,33,0.781815231,12
7670,0.858863182,34,0.779101378,10
7671,0.859662893,33,0.778205739,9
7672,0.864326225,68,0.78284916,15
7673,0.861682628,35,0.780316288,11
7674,0.8648158,33,0.784030715,10
7675,0.85886343,38,0.777009237,12
7676,0.856009716,34,0.775555937,17
7677,0.860175967,33,0.778204046,11
7678,0.865146903,34,0.784557324,10
7679,0.857251288,33,0.775406519,10
7680,0.851321234,32,0.767139181,13
7681,0.853563439,34,0.771281127,10
7682,0.8583469,33,0.778555129,12
7683,0.86326036,36,0.782138018,11
7686,0.860815382,33,0.779694266,11
7687,0.86114391,36,0.779484702,13
7688,0.857939126,33,0.775519667,12
7689,0.853559021,33,0.77070636,12
7690,0.863376704,33,0.782628173,19
7691,0.860649746,32,0.778814447,14
7692,0.85757579,34,0.776057826,11
7694,0.861551496,34,0.78131709,12
7696,0.8600513,33,0.780178227,14
7697,0.866095065,34,0.785458758,11
7698,0.856134762,50,0.775413125,15
7699,0.862227098,34,0.781669071,11
7701,0.859931392,90,0.777875806,10
7702,0.864337546,33,0.783152469,14
7703,0.85763819,51,0.777008899,12
7704,0.864395992,33,0.783294078,9
7705,0.858142633,32,0.776683679,17
7706,0.859497196,33,0.779494658,12
7707,0.851675358,34,0.768514062,11
7710,0.861244688,31,0.780280725,17
7711,0.865480939,46,0.785017768,14
7713,0.862854763,33,0.782641448,17
7714,0.862604636,34,0.78089129,12
7715,0.857698021,33,0.776517465,12
7716,0.851081196,44,0.768432041,10
7717,0.863269082,32,0.782445572,13
7718,0.864518395,33,0.784003464,10
7719,0.865437414,33,0.784506303,11
7720,0.857710763,33,0.775771388,13
7721,0.860861472,41,0.780514892,17
7722,0.854463982,34,0.771734608,16
7723,0.861068766,33,0.780420093,17
7724,0.858737658,33,0.775838282,10
7725,0.858805299,34,0.776020906,12
7726,0.859562212,43,0.777977786,9
7728,0.864192206,34,0.783429414,14
7729,0.851786787,48,0.76449552,11
7731,0.865006944,33,0.784172379,11
7732,0.8521956,33,0.769443646,10
7736,0.865398762,33,0.784858067,12
7737,0.857284851,33,0.775658331,12
7738,0.853440124,35,0.771864365,9
7739,0.85426674,34,0.771934421,12
7740,0.859076527,33,0.776897198,11
7741,0.860210579,31,0.77862274,13
7742,0.865508712,34,0.784698028,9
7743,0.863601014,34,0.782764599,10
7745,0.854992874,34,0.771830318,12
7746,0.857498992,33,0.775950768,9
7748,0.863202304,50,0.78203131,15
7749,0.851587827,34,0.767600298,12
7751,0.859531586,33,0.778089708,15
7752,0.854120869,33,0.772282208,13
7753,0.859872363,38,0.77862069,10
7754,0.852857782,33,0.769667808,10
7756,0.855005761,42,0.773659447,11
7757,0.862432092,34,0.781351559,13
7758,0.865188681,37,0.784327328,14
7759,0.855908475,33,0.774046952,13
7760,0.864865055,33,0.784309136,11
7761,0.863101116,33,0.782245249,24
7762,0.861017378,34,0.779255821,15
7763,0.862247323,33,0.781579573,10
7769,0.862605242,33,0.781651045,10
7770,0.862276788,38,0.780756907,9
7771,0.861641873,30,0.780706899,10
7772,0.862253593,34,0.780650723,15
7773,0.863228422,34,0.782402339,11
7774,0.858628589,34,0.777185785,10
7775,0.857284613,38,0.775606279,11
7777,0.860982376,32,0.780582005,11
7780,0.862760334,41,0.78201491,12
7782,0.864962999,34,0.78447116,19
7783,0.864165353,44,0.783594584,11
7784,0.851806604,34,0.76738055,12
7785,0.861354024,33,0.780121105,10
7786,0.862627604,32,0.781259728,9
7787,0.856988408,33,0.775984297,15
7788,0.859380052,31,0.779508127,10
7789,0.863344138,34,0.782341306,10
7792,0.860200794,34,0.779000374,10
7793,0.854229479,51,0.771966253,13
7795,0.853076808,33,0.769181129,12
7799,0.857974517,33,0.7763206,10
7800,0.852318647,33,0.769296534,16
7801,0.863042047,40,0.782776819,12
7802,0.861735641,33,0.779932997,10
7803,0.856590323,34,0.775219198,10
7804,0.855820004,34,0.773459502,11
7805,0.85526923,32,0.772730092,10
7806,0.855544352,32,0.773239357,11
7807,0.864870049,33,0.783774215,11
7808,0.864628969,34,0.78405416,15
7809,0.855382274,32,0.772811533,17
7811,0.858428005,35,0.776333053,10
7812,0.858562902,52,0.77588884,11
7813,0.862847194,33,0.782307774,14
7815,0.865597493,32,0.784828382,14
7816,0.86148585,54,0.77999163,12
7817,0.853898354,33,0.772363248,15
7818,0.864190272,40,0.782589649,12
7819,0.853390034,32,0.770241662,16
7820,0.856089836,44,0.773398516,15
7821,0.85295263,30,0.770601733,13
7822,0.865100617,33,0.783910807,10
7823,0.858644752,33,0.777681265,14
7824,0.861149631,32,0.780442078,9
7825,0.865901506,34,0.785423537,14
7826,0.86405462,33,0.783236069,10
7828,0.865778448,32,0.785044799,13
7830,0.858582717,33,0.776196738,13
7831,0.865756397,32,0.785274186,10
7832,0.859422851,34,0.777055135,13
7833,0.861846366,31,0.779928524,14
7834,0.862686518,34,0.78185638,11
7835,0.849411088,34,0.76391646,9
7837,0.855395394,33,0.772884251,12
7838,0.850768266,34,0.764932599,10
7839,0.859003168,33,0.777745878,10
7840,0.862180855,35,0.782021072,10
7841,0.851049906,49,0.767896289,14
7842,0.853464193,34,0.769731772,12
7844,0.851820979,30,0.768376323,14
7846,0.862579877,34,0.782605126,9
7848,0.855203301,33,0.772825993,10
7849,0.853965317,33,0.771674642,10
7851,0.86393194,32,0.783675681,10
7852,0.859044048,31,0.778224226,10
7853,0.862087929,40,0.780555777,10
7854,0.860686572,32,0.779692674,12
7856,0.864133757,33,0.782909834,11
7858,0.863957011,55,0.783080871,10
7861,0.864634855,33,0.784116395,16
7862,0.859632871,38,0.778299773,9
7863,0.865039233,50,0.784170237,12
7865,0.861576919,32,0.779916218,10
7867,0.864306523,33,0.783103315,13
7868,0.861642011,33,0.780719821,13
7869,0.86557165,33,0.784998846,12
7872,0.848350491,37,0.764485565,10
7873,0.863195311,47,0.782156788,12
7874,0.855878907,32,0.775523514,12
7875,0.862930289,33,0.78206254,10
7878,0.86099962,34,0.781096595,10
7879,0.861011473,33,0.779662846,9
7880,0.856646335,48,0.773191347,19
7883,0.863580169,34,0.783264303,12
7884,0.861283715,34,0.780207626,11
7885,0.864219575,41,0.783594851,10
7886,0.866044253,34,0.785586868,11
7887,0.866516785,34,0.786122898,9
7888,0.861988643,33,0.781942079,10
7889,0.863575352,34,0.782515096,15
7890,0.860254355,34,0.778236562,14
7891,0.860502169,34,0.780671475,10
7892,0.864574309,39,0.784112687,12
7893,0.865970494,32,0.785313395,12
7894,0.864449634,33,0.78326906,15
7895,0.864447575,32,0.783163557,10
7896,0.864004102,71,0.783419691,33
7897,0.860771042,33,0.779494003,10
7898,0.863540196,35,0.782820226,10
7899,0.863657745,33,0.782624814,11
7901,0.86602776,31,0.785292977,28
7902,0.856194541,33,0.774070864,11
7903,0.856415697,34,0.775194918,11
7904,0.866137795,33,0.785586164,10
7906,0.860215293,33,0.779019449,11
7907,0.860323711,34,0.778584731,15
7908,0.865299396,51,0.784089659,12
7909,0.857422646,32,0.775989706,11
7910,0.860695043,34,0.778334859,17
7912,0.86377159,31,0.782659339,11
7913,0.86070177,32,0.779329668,11
7915,0.856596594,34,0.774617463,13
7916,0.865985918,33,0.785358845,13
7917,0.862042207,33,0.78072479,11
7918,0.863400709,34,0.782990183,10
7919,0.857038469,32,0.77726954,11
7920,0.861466152,33,0.779367791,19
7921,0.865140576,34,0.784130854,12
7923,0.855614103,33,0.770669096,9
7925,0.861204255,32,0.779945014,14
7926,0.864295014,31,0.783561648,12
7927,0.864801102,33,0.783488919,13
7928,0.858461107,33,0.776980867,10
7929,0.862773244,51,0.781674369,10
7930,0.862203698,33,0.781407381,10
7931,0.85837141,33,0.778364769,12
7933,0.861758134,33,0.780570591,11
7935,0.86209182,34,0.781756076,9
7936,0.853023609,32,0.768549112,13
7939,0.865948776,33,0.785272362,13
7940,0.862557425,33,0.781673619,15
7941,0.855688421,45,0.773435302,12
7942,0.859893821,38,0.777494645,10
7944,0.855114345,34,0.772046337,12
7945,0.864142948,46,0.783437175,13
7946,0.862984092,33,0.78159341,15
7947,0.85525815,34,0.772770038,11
7948,0.861837219,32,0.781752624,10
7951,0.864354555,32,0.783298581,12
7952,0.864904315,33,0.783811995,11
7953,0.856826724,34,0.774874167,25
7954,0.857133678,34,0.775146501,10
7955,0.854766904,33,0.772287905,10
7956,0.860823917,34,0.779789195,13
7957,0.863316085,34,0.78306349,13
7958,0.864439528,33,0.783659696,16
7959,0.866437948,34,0.785918626,10
7961,0.861182203,34,0.781383752,11
7962,0.862113509,33,0.781794977,19
7963,0.860817025,34,0.779320999,12
7964,0.859799923,33,0.779009456,11
7967,0.863529042,33,0.783244201,16
7969,0.858444099,33,0.776524273,12
7970,0.853538683,82,0.770109443,24
7972,0.863640497,33,0.78269225,10
7973,0.863659907,33,0.78269103,11
7975,0.864874495,43,0.784464601,11
7976,0.858087047,32,0.776695224,9
7977,0.8581964,51,0.775853675,32
7980,0.860975987,47,0.779253625,10
7981,0.862757737,59,0.782469618,12
7983,0.865904367,32,0.785139896,16
7984,0.860126907,35,0.779105761,12
7985,0.86393343,34,0.782937377,12
7986,0.8653258,33,0.784656256,15
7987,0.855885387,32,0.774030561,18
7988,0.859874329,41,0.778926728,14
7990,0.864700344,33,0.784380724,11
7991,0.852730053,33,0.76967023,10
7992,0.854034957,32,0.77094311,10
7993,0.859654657,33,0.780019505,10
7994,0.865458864,32,0.784653172,18
7995,0.863448301,30,0.783314832,22
7996,0.862180422,34,0.781940607,12
7997,0.854447114,50,0.771808384,12
7998,0.853971459,48,0.772260073,10
7999,0.857336834,34,0.775592406,17
8000,0.855369977,34,0.774349431,10
8001,0.851162035,54,0.767915614,15
8002,0.857701088,33,0.776468874,12
8004,0.863735461,34,0.7835501,12
8008,0.860567003,33,0.779100438,16
8009,0.861567725,33,0.781697558,11
8010,0.856972684,33,0.775511243,15
8012,0.85785909,39,0.775887296,10
8013,0.858774124,33,0.776952611,16
8014,0.862152633,33,0.780820034,10
8015,0.858043647,33,0.77617148,18
8016,0.865016489,34,0.784363611,12
8018,0.86353814,33,0.78215697,12
8019,0.856455373,34,0.774481129,14
8021,0.853505839,35,0.771400216,11
8022,0.847438362,34,0.764696521,9
8023,0.858383457,33,0.776659559,15
8024,0.858933454,55,0.778261013,16
8026,0.864722414,33,0.784051986,15
8027,0.860813864,42,0.780562189,9
8028,0.856008289,33,0.773966494,11
8029,0.865637897,32,0.785078134,16
8030,0.858188319,33,0.777324257,11
8032,0.857040374,32,0.774924342,10
8033,0.859216172,59,0.779586233,10
8035,0.861127656,34,0.779499429,18
8036,0.860961224,32,0.779551464,11
8037,0.860512109,59,0.778754177,16
8038,0.853663368,33,0.77116162,15
8040,0.860928681,33,0.778805129,18
8041,0.857824959,32,0.776336002,18
8042,0.865878572,32,0.785148306,12
8043,0.864494151,34,0.783625913,11
8044,0.866238891,33,0.785549033,13
8045,0.86536364,32,0.784694733,17
8047,0.865640579,32,0.785299647,11
8048,0.86416641,33,0.783254129,18
8049,0.861314552,33,0.781488068,13
8050,0.865528118,32,0.784837405,10
8051,0.8657008,33,0.784660382,13
8052,0.861449202,33,0.781491851,11
8054,0.850408718,32,0.765874676,10
8056,0.857523344,37,0.775736565,13
8057,0.864822217,34,0.784069066,15
8058,0.862927261,62,0.781434939,24
8059,0.85792196,33,0.775159982,12
8060,0.860311485,57,0.779233172,17
8061,0.859599792,38,0.779162374,11
8062,0.852554538,33,0.770567739,13
8063,0.854718798,79,0.77161012,19
8064,0.864813958,33,0.78420499,10
8065,0.857886833,33,0.777947637,11
8066,0.858900811,41,0.776926055,12
8067,0.855576968,32,0.773054249,11
8068,0.862199895,33,0.781089884,10
8069,0.853742364,34,0.771959526,11
8071,0.865194982,33,0.784415363,10
8072,0.862840721,55,0.782844659,35
8073,0.861580582,32,0.781547911,13
8074,0.863014983,32,0.781652792,17
8075,0.856890213,33,0.775200523,13
8076,0.859100417,52,0.77867983,12
8077,0.860980351,33,0.780100123,10
8078,0.864795654,33,0.78405178,17
8079,0.858676647,35,0.776708076,10
8080,0.863970235,34,0.78368248,10
8081,0.862342074,32,0.781001918,11
8082,0.863411066,34,0.782323603,16
8084,0.86367207,34,0.782550537,14
8085,0.852043127,33,0.768249533,10
8086,0.859391593,50,0.779284693,15
8087,0.861184573,33,0.781225482,11
8088,0.858007709,33,0.775639963,11
8089,0.857565742,33,0.775124079,10
8090,0.857621324,32,0.774998718,12
8091,0.864482614,34,0.783394004,12
8092,0.86114936,33,0.78021787,14
8095,0.856480062,34,0.774237814,10
8096,0.858531011,32,0.777288317,14
8097,0.85946957,42,0.778346537,13
8098,0.855823625,34,0.772995674,11
8100,0.858242008,33,0.776775276,10
8101,0.853604531,97,0.77144201,34
8102,0.860772602,32,0.780958917,10
8103,0.864767914,33,0.784534764,10
8104,0.860057301,33,0.780259383,11
8105,0.857447997,34,0.776799684,16
8108,0.86585581,32,0.785128553,10
8109,0.865639959,86,0.784919347,22
8110,0.850504179,33,0.768070659,13
8111,0.86319809,34,0.782082338,13
8112,0.865698423,33,0.785293511,10
8113,0.861243573,35,0.780933251,10
8114,0.852181113,32,0.76928293,16
8115,0.855343189,33,0.773572624,11
8118,0.861841267,34,0.781115734,13
8120,0.863778673,33,0.782961271,11
8121,0.863006573,32,0.781879186,16
8122,0.86141701,34,0.780631094,12
8123,0.858315715,30,0.777181811,9
8124,0.864924023,32,0.784088556,10
8126,0.861512428,33,0.77979679,12
8127,0.862292064,33,0.781438925,13
8128,0.850765988,33,0.767644662,15
8131,0.855042558,34,0.773035541,11
8132,0.863892871,51,0.783524841,13
8134,0.861431202,33,0.780868186,13
8136,0.86070727,35,0.780166307,10
8137,0.85615543,33,0.774125758,15
8138,0.865247346,33,0.784823318,13
8140,0.859136903,33,0.777424919,11
8142,0.865657349,33,0.785075811,9
8145,0.854389382,33,0.771996066,16
8146,0.865264177,45,0.784381106,17
8147,0.86197225,34,0.781481798,13
8149,0.856589716,34,0.774070612,10
8150,0.856813819,34,0.775156508,17
8151,0.859552754,33,0.777927213,11
8152,0.864163846,45,0.782631943,22
8153,0.865371564,33,0.784680339,10
8155,0.859694584,65,0.77897025,10
8156,0.860760366,34,0.779347588,11
8157,0.863196628,31,0.781878171,13
8158,0.859270143,33,0.777413633,10
8159,0.864129723,34,0.782607032,11
8161,0.864611666,35,0.784149108,12
8162,0.863332133,33,0.782811144,10
8163,0.860568988,32,0.779733534,22
8165,0.86416682,36,0.783749234,10
8166,0.85811063,33,0.776740383,11
8167,0.858672901,34,0.776647156,10
8168,0.863935927,54,0.783249351,16
8169,0.856725157,33,0.774835202,12
8170,0.854584832,33,0.77259748,9
8171,0.864114095,33,0.782976589,9
8172,0.863543417,34,0.782521199,16
8174,0.862696823,33,0.782308565,13
8175,0.860687775,50,0.77891347,29
8178,0.851521718,33,0.76921419,28
8179,0.861477798,38,0.781410061,14
8180,0.86469074,33,0.783916056,14
8181,0.859831091,33,0.778409625,10
8182,0.856066636,33,0.77409436,11
8184,0.864721393,34,0.783623352,9
8185,0.865301035,34,0.784743226,10
8186,0.859919726,34,0.778356999,10
8187,0.853924932,52,0.77174832,10
8188,0.858566958,34,0.776841056,13
8189,0.859225809,33,0.778380375,9
8190,0.862175658,33,0.781284028,12
8191,0.849111855,45,0.762144869,20
8192,0.862586504,32,0.781319537,10
8193,0.85294556,53,0.770114297,10
8194,0.861666795,33,0.779942918,16
8195,0.863044899,33,0.782467325,24
8196,0.859298319,55,0.777090627,16
8197,0.853086838,43,0.768669929,11
8198,0.863134365,33,0.782794364,9
8199,0.857528427,33,0.775732308,11
8200,0.858313939,77,0.776899398,18
8201,0.864501408,55,0.78380515,13
8202,0.857562401,34,0.776431587,14
8205,0.855735058,33,0.77278085,11
8206,0.863789161,32,0.782695846,11
8207,0.85614652,32,0.773392556,12
8208,0.857755632,37,0.776875971,11
8209,0.862599328,34,0.781506198,16
8210,0.865953507,34,0.785189978,11
8211,0.857206795,34,0.776163447,12
8214,0.865128823,32,0.784365624,14
8215,0.858309182,33,0.776935252,13
8216,0.857499718,34,0.77791978,11
8217,0.859100703,33,0.777782251,11
8218,0.858263928,33,0.777585923,10
8219,0.864190866,43,0.783593214,10
8220,0.86408642,33,0.784004142,14
8221,0.860555518,52,0.780451133,11
8222,0.864698275,34,0.784145037,12
8224,0.86030085,34,0.780574507,11
8225,0.859750731,33,0.77827462,13
8226,0.864493291,32,0.784006563,13
8227,0.860904485,33,0.779559905,10
8228,0.855760064,35,0.773812543,14
8229,0.862718628,34,0.781038546,14
8230,0.863263171,33,0.782202078,14
8231,0.857266712,34,0.775608369,11
8233,0.863652515,34,0.783358908,11
8234,0.853889354,31,0.772195972,10
8235,0.859199131,32,0.778033644,11
8236,0.859020148,35,0.777483633,15
8238,0.863425912,33,0.782932907,12
8239,0.864194068,32,0.783098857,13
8240,0.860423238,43,0.778693056,11
8241,0.858550449,50,0.777012175,19
8243,0.860272231,34,0.778271571,13
8245,0.858215416,34,0.775703068,11
8246,0.852971295,34,0.769642647,9
8247,0.863773183,31,0.782734473,10
8249,0.85656977,33,0.774056233,11
8251,0.865471986,34,0.784296443,9
8252,0.862994986,35,0.780993776,11
8253,0.86187494,45,0.779954616,12
8254,0.858121841,33,0.775163034,9
8256,0.855240893,33,0.77374795,13
8259,0.860139346,34,0.779130492,9
8260,0.852075544,33,0.768903674,9
8261,0.863888417,33,0.783069599,12
8263,0.85648985,33,0.774080704,14
8265,0.860520712,33,0.779602416,11
8266,0.865405478,31,0.784717057,13
8267,0.863713105,34,0.782522072,14
8268,0.866310257,34,0.785919322,9
8269,0.861944377,42,0.781315534,13
8271,0.860105337,34,0.780281216,10
8272,0.86257081,37,0.782711705,13
8274,0.861632668,34,0.780751452,13
8275,0.857992286,30,0.77525524,12
8276,0.852214029,33,0.769532538,17
8277,0.858017797,33,0.778087775,15
8279,0.855491619,33,0.772994925,13
8280,0.859180232,33,0.776461494,11
8282,0.859954383,48,0.778334115,16
8283,0.858038005,33,0.776203988,10
8284,0.861677944,34,0.781054812,12
8286,0.860456179,33,0.778607273,10
8287,0.856050052,42,0.774654207,10
8288,0.862392147,32,0.781283753,18
8289,0.866066426,33,0.785592747,13
8290,0.856364718,49,0.77457031,12
8291,0.861252244,34,0.77900865,11
8292,0.856205999,34,0.775039526,10
8293,0.861374238,33,0.780367124,13
8294,0.864778167,34,0.783803657,18
8295,0.855795631,31,0.773439932,17
8296,0.863819788,34,0.783623259,12
8297,0.863693461,32,0.782431568,13
8299,0.854832287,33,0.772031744,14
8300,0.859740166,33,0.779451042,13
8301,0.859059978,39,0.777007232,10
8303,0.86490382,33,0.784183591,12
8304,0.865967735,33,0.785418584,13
8305,0.864684131,32,0.784374516,14
8306,0.864691026,35,0.784152796,10
8308,0.865751609,33,0.785140143,16
8309,0.862352789,33,0.780764601,10
8310,0.865223489,33,0.784516792,12
8311,0.849511671,32,0.767014935,10
8313,0.864359294,33,0.784109089,10
8314,0.861171651,33,0.781238325,21
8316,0.85488682,42,0.773259833,11
8317,0.864074002,40,0.783463241,13
8318,0.849592585,32,0.763946714,17
8319,0.856029704,33,0.774652533,10
8322,0.859708758,38,0.779122127,14
8323,0.861319297,60,0.781455015,25
8324,0.862585783,32,0.781319566,19
8325,0.863641066,33,0.782692174,9
8326,0.860891705,34,0.779788473,9
8327,0.854070407,33,0.771401692,11
8328,0.859987489,34,0.778324844,11
8329,0.859512531,34,0.777684803,23
8330,0.860622293,32,0.780626841,12
8331,0.861408389,34,0.780254214,16
8333,0.864968593,34,0.783972147,10
8334,0.865882055,33,0.78536541,12
8335,0.85706062,33,0.775149181,11
8336,0.85189056,33,0.768585574,10
8337,0.860603853,34,0.779102001,10
8338,0.862022861,33,0.781049625,10
8339,0.857918881,34,0.775989924,11
8341,0.858976721,33,0.774519575,11
8344,0.864124088,31,0.783715337,12
8345,0.861273404,33,0.779545529,11
8346,0.847247486,34,0.759405897,12
8347,0.863063735,34,0.782415161,9
8348,0.860109894,37,0.779592049,14
8349,0.864194306,33,0.783992259,10
8350,0.863807079,41,0.782551288,14
8351,0.862215795,33,0.780544127,13
8352,0.862573648,33,0.78135461,13
8353,0.863951633,46,0.783492719,12
8354,0.862076653,34,0.781235766,10
8355,0.865374798,34,0.78464718,11
8356,0.848090016,31,0.763706547,10
8357,0.864321655,33,0.78355089,12
8358,0.862040023,31,0.780409106,11
8359,0.859904084,33,0.778330841,11
8360,0.85833133,34,0.777776804,12
8361,0.855400067,32,0.773140528,16
8363,0.861732885,33,0.7799236,11
8364,0.865707003,35,0.785126411,16
8365,0.855213359,34,0.773931775,14
8366,0.85695877,34,0.774962801,12
8367,0.861967458,33,0.780483184,11
8368,0.851144176,51,0.767915142,13
8369,0.857112796,32,0.77536034,11
8371,0.865516119,33,0.784767547,15
8374,0.858554705,34,0.777648936,16
8375,0.853569314,43,0.76999509,10
8377,0.864707953,33,0.784027547,14
8378,0.858064323,33,0.776344555,16
8379,0.859087976,39,0.778697937,11
8380,0.860278653,33,0.779729657,11
8381,0.860556909,33,0.779509633,9
8382,0.858310404,33,0.777370848,12
8383,0.858896298,33,0.779008275,10
8384,0.861770797,32,0.780570885,10
8385,0.853911852,33,0.770132783,10
8386,0.855933538,36,0.774468161,10
8387,0.861339898,34,0.779587373,12
8389,0.856440209,31,0.773841621,11
8390,0.862655549,33,0.781143987,28
8394,0.861135386,34,0.77925816,19
8395,0.856858884,45,0.774818046,22
8396,0.855851832,31,0.772439735,9
8397,0.862292273,45,0.782232562,10
8398,0.860475623,52,0.779952595,10
8399,0.86315903,37,0.781454804,11
8400,0.856175523,34,0.774082756,10
8401,0.862614858,33,0.781307578,11
8402,0.858617096,33,0.778767321,15
8403,0.85289912,33,0.770073763,13
8405,0.850811506,34,0.768604667,11
8406,0.858844069,46,0.778984688,10
8407,0.864471808,33,0.783433454,10
8409,0.85874356,49,0.777643712,13
8410,0.857935159,43,0.777706825,11
8414,0.863856222,33,0.783494335,13
8415,0.857838689,31,0.778177413,9
8420,0.850921736,32,0.767259223,10
8421,0.864827456,33,0.78412468,12
8422,0.863371887,39,0.783179174,11
8423,0.849902157,34,0.763244009,12
8425,0.864083354,34,0.782275296,10
8426,0.854525939,32,0.771417278,11
8427,0.86150625,33,0.77969147,19
8428,0.855260561,34,0.77356639,17
8429,0.854306275,33,0.771505281,14
8430,0.865134397,32,0.784512631,13
8433,0.862960301,33,0.781141022,11
8434,0.857816895,33,0.776615793,9
8435,0.863952162,33,0.783749442,12
8436,0.863782262,91,0.783648653,21
8437,0.856522029,47,0.773182352,20
8438,0.8612051,32,0.780696018,11
8439,0.853806584,34,0.770527623,10
8441,0.863382748,34,0.782111641,13
8442,0.849403826,35,0.765564081,18
8443,0.855507665,34,0.772849695,12
8444,0.86428619,34,0.782994382,10
8446,0.862072833,36,0.781976136,11
8447,0.854752708,33,0.772575325,11
8448,0.863368711,34,0.782864859,14
8449,0.8647084,33,0.784373431,10
8451,0.864801779,51,0.783927067,11
8452,0.858958102,32,0.777682428,10
8453,0.864063644,34,0.782259872,11
8454,0.864187337,33,0.783361454,13
8455,0.857669697,32,0.775452351,11
8456,0.853026237,32,0.769574273,14
8458,0.853334077,33,0.767293749,9
8459,0.865327007,34,0.784729146,9
8461,0.858700965,32,0.7782368,11
8464,0.864329104,34,0.783228378,10
8465,0.862961797,33,0.782251858,11
8466,0.86154664,34,0.78148038,10
8468,0.856281401,34,0.774543825,11
8470,0.856434813,34,0.774223015,16
8471,0.864896929,33,0.784638264,12
8472,0.857951589,33,0.775916379,10
8473,0.858469248,33,0.777201626,13
8474,0.862046875,33,0.780841696,14
8475,0.864767948,34,0.78339302,10
8476,0.852510902,33,0.769396868,10
8477,0.863959868,34,0.782933982,11
8478,0.861187503,71,0.77993476,22
8479,0.863162463,35,0.781981184,12
8480,0.854495492,40,0.771125759,10
8481,0.857318194,34,0.775638198,20
8482,0.860192302,33,0.778507399,27
8485,0.852642582,51,0.770894613,11
8487,0.862511305,83,0.781705956,22
8488,0.862350513,47,0.781544743,18
8489,0.862309204,34,0.782204091,12
8491,0.846412947,34,0.758282855,11
8492,0.865424079,33,0.784631649,11
8493,0.859914106,33,0.77895274,15
8494,0.865306693,33,0.78467042,12
8495,0.865393419,34,0.784351564,14
8496,0.850879114,33,0.767959221,9
8497,0.853042636,34,0.770644858,23
8498,0.864643543,32,0.783622794,15
8499,0.860274179,32,0.77856331,12
8500,0.859354583,34,0.778058133,11
8503,0.862537848,49,0.780683455,18
8504,0.863151078,32,0.783141001,14
8505,0.857754819,34,0.775546237,12
8506,0.865412686,35,0.784545484,12
8507,0.865395702,34,0.784046177,10
8508,0.863830922,34,0.782913539,14
8509,0.85881004,31,0.776604325,15
8510,0.857210355,33,0.775225659,14
8512,0.858936041,34,0.778685954,13
8513,0.853882229,33,0.77141111,13
8514,0.855194438,32,0.769858179,10
8515,0.859388762,33,0.778636426,13
8516,0.860029323,32,0.778290132,13
8517,0.861660413,50,0.780230019,10
8518,0.852508311,32,0.769665328,10
8520,0.863861458,33,0.783213914,14
8521,0.859338338,33,0.777256682,17
8522,0.860059714,33,0.778018088,11
8525,0.861239027,33,0.779624414,15
8526,0.860043935,32,0.779516362,11
8529,0.862144534,37,0.781511505,9
8530,0.860425062,33,0.778723722,20
8531,0.858307031,32,0.776795322,19
8532,0.863047028,32,0.782480046,11
8535,0.861398237,36,0.780626152,12
8538,0.858775594,33,0.779138503,14
8542,0.855502575,55,0.773709008,12
8543,0.863264456,32,0.781699519,20
8544,0.858023323,34,0.77673374,10
8545,0.863325401,33,0.782506619,10
8546,0.860543474,34,0.77893383,9
8547,0.859069536,33,0.777297892,10
8549,0.862408618,33,0.781481266,11
8550,0.858421362,32,0.777200304,12
8551,0.852671839,34,0.770215652,13
8552,0.85246298,33,0.76830773,11
8553,0.865089637,34,0.784150073,10
8554,0.856376128,34,0.774668099,11
8556,0.863935837,35,0.783052848,10
8557,0.864967283,34,0.784444524,13
8558,0.861959436,33,0.781977844,10
8560,0.864767503,32,0.784463663,11
8561,0.866183884,55,0.785602092,14
8562,0.859913196,33,0.778912029,12
8563,0.86395891,33,0.78300489,12
8565,0.853711048,33,0.77133209,12
8566,0.862640325,50,0.781887883,19
8568,0.855529192,34,0.773424296,12
8572,0.857141172,32,0.775120202,16
8573,0.853822749,32,0.771366918,10
8575,0.851074436,33,0.766612351,9
8576,0.859870121,49,0.778504938,12
8577,0.864706509,34,0.783946624,9
8578,0.860693972,31,0.779133454,14
8579,0.861681342,33,0.780478758,14
8580,0.860503437,33,0.780817275,11
8581,0.859176113,35,0.779263372,10
8582,0.864621462,33,0.784063727,10
8583,0.864982416,34,0.784263924,11
8584,0.850955789,33,0.768098443,10
8585,0.857269225,34,0.777169922,12
8586,0.865793286,33,0.785324917,12
8587,0.861385404,33,0.779893558,15
8588,0.860695907,34,0.779964383,10
8590,0.864737253,33,0.784049187,11
8591,0.864369601,33,0.784287608,11
8592,0.861694771,34,0.780982233,15
8593,0.859950249,32,0.778501998,10
8594,0.864366063,34,0.783681783,14
8595,0.854756037,33,0.772642803,12
8596,0.863886415,88,0.783263251,39
8597,0.859100831,32,0.777680938,12
8598,0.859295808,37,0.778078268,10
8600,0.863881046,41,0.782541883,15
8601,0.857829819,57,0.776001381,10
8602,0.863701451,37,0.783151566,10
8603,0.856605399,43,0.773528391,11
8604,0.858193483,31,0.778578473,10
8605,0.862033701,35,0.781951081,11
8606,0.864810167,43,0.783705158,15
8607,0.863503077,32,0.783024559,10
8609,0.8636576,37,0.782807805,10
8611,0.865038341,33,0.784140579,12
8613,0.85739327,34,0.7756765,12
8614,0.862379839,48,0.780926641,27
8615,0.860457387,33,0.779308453,13
8616,0.852857312,33,0.769807287,9
8618,0.859498534,33,0.778029559,12
8619,0.865464054,34,0.784753818,9
8621,0.864858721,56,0.784078369,9
8622,0.859525301,31,0.777967029,12
8623,0.863926007,36,0.782934502,11
8624,0.865275417,34,0.784733638,14
8625,0.854883194,86,0.77323488,18
8628,0.857341001,33,0.775993595,13
8629,0.860729928,31,0.779999513,10
8630,0.864633298,33,0.783740483,11
8631,0.864243616,85,0.783356464,18
8632,0.858831581,33,0.777322205,12
8633,0.863738407,34,0.782389932,11
8635,0.857765233,33,0.775997787,14
8636,0.864435604,33,0.783444539,12
8637,0.865597923,33,0.784837479,11
8638,0.859422319,32,0.77768956,9
8640,0.858735658,34,0.777126056,16
8641,0.859648468,33,0.777981006,11
8642,0.863656856,34,0.782559626,11
8643,0.861906792,33,0.781005145,14
8644,0.863456877,33,0.782283427,12
8646,0.848600015,32,0.765332715,10
8647,0.855437953,34,0.774017558,10
8648,0.850219533,33,0.767625661,12
8649,0.85938202,35,0.777334851,10
8650,0.857880752,32,0.777360517,16
8652,0.860705113,65,0.780126,12
8653,0.853387604,38,0.771532975,10
8654,0.860483672,32,0.778557235,13
8655,0.857916606,34,0.777323052,10
8657,0.861410316,57,0.779789299,17
8658,0.859424062,37,0.777463447,13
8659,0.852118143,33,0.769380209,11
8660,0.864651822,55,0.783605106,10
8661,0.850744502,33,0.764861526,10
8663,0.86155026,32,0.780420342,12
8664,0.862756468,33,0.782590065,10
8665,0.864731714,34,0.784424847,15
8667,0.857466907,32,0.775549397,11
8668,0.862073669,33,0.781262432,10
8669,0.860589313,32,0.779285231,12
8670,0.861826035,33,0.78003662,12
8671,0.865515294,33,0.78502121,13
8672,0.858248954,34,0.776604093,10
8673,0.860754108,34,0.780596886,11
8674,0.857864668,48,0.77749859,17
8676,0.855410656,33,0.773316688,20
8677,0.855865635,51,0.771004238,9
8678,0.864767025,33,0.78385621,14
8679,0.862657152,34,0.781473789,13
8680,0.864116147,34,0.783807792,14
8683,0.855333397,39,0.773682673,16
8684,0.862158188,33,0.781662055,12
8685,0.858765224,34,0.778126844,13
8687,0.857245552,34,0.776146072,14
8689,0.853927966,34,0.770983147,10
8691,0.865765457,32,0.785152185,11
8692,0.863327857,33,0.782695992,23
8693,0.86320889,33,0.782556974,12
8694,0.852431572,34,0.769749866,18
8695,0.863350042,48,0.782746221,14
8696,0.865635441,39,0.784857177,10
8698,0.864880469,33,0.783778972,10
8700,0.86524939,33,0.784408044,16
8701,0.857165835,48,0.774996798,14
8702,0.865496173,33,0.784536372,11
8704,0.850910451,36,0.767522011,9
8705,0.865464827,33,0.784848579,11
8708,0.860531788,32,0.780407801,11
8709,0.860389504,34,0.780220806,10
8710,0.863374104,64,0.782065023,34
8711,0.865744732,33,0.785087027,9
8713,0.865068758,64,0.78428102,11
8714,0.860708964,32,0.780555622,9
8717,0.855759111,33,0.774176861,19
8718,0.865599936,34,0.78499564,9
8719,0.86188513,34,0.781043635,14
8720,0.863127596,35,0.781367345,12
8722,0.8632166,33,0.782316654,10
8723,0.865012704,33,0.784363188,14
8724,0.860921707,32,0.780596718,15
8725,0.858605503,33,0.777639476,13
8726,0.8617615,33,0.781701598,15
8727,0.863700625,50,0.782300857,13
8729,0.862265028,48,0.782220221,14
8730,0.862102234,45,0.781734507,10
8731,0.853252947,34,0.770707245,10
8732,0.86346791,34,0.782557476,11
8733,0.86249646,35,0.78145401,10
8734,0.860931304,41,0.780427059,10
8735,0.859377554,33,0.778401807,13
8736,0.859418314,34,0.77805213,13
8738,0.856683425,34,0.7745255,11
8739,0.852294231,33,0.768203706,13
8740,0.865339945,31,0.784659753,10
8741,0.861764325,33,0.781233887,17
8742,0.856873961,34,0.774814903,15
8743,0.859334901,33,0.779417638,11
8744,0.864642098,35,0.783961925,12
8746,0.865330471,33,0.784713792,10
8748,0.852997156,43,0.770329699,10
8749,0.854017267,33,0.771199234,14
8750,0.865437629,34,0.784975895,11
8751,0.856909188,34,0.77530589,10
8752,0.85921276,34,0.778317121,10
8753,0.865363414,34,0.784829448,10
8754,0.865703758,33,0.785140578,12
8755,0.863200988,88,0.782827441,39
8756,0.863545611,32,0.782493441,10
8757,0.857957735,33,0.775641616,12
8758,0.851192315,33,0.767574177,14
8759,0.857038664,32,0.775532311,9
8760,0.864610211,33,0.783663565,12
8762,0.861047244,31,0.780706923,10
8763,0.853878479,33,0.770430172,15
8764,0.860637963,34,0.778793983,14
8765,0.852493951,34,0.769476862,15
8766,0.862883501,32,0.782431442,10
8768,0.858650425,33,0.777736521,13
8770,0.864028983,32,0.78366113,16
8771,0.863171142,40,0.782911799,11
8772,0.862396615,33,0.781446871,14
8774,0.853845825,49,0.770593647,14
8775,0.859014594,32,0.778857495,12
8776,0.860098012,33,0.778654958,11
8778,0.864793848,34,0.784048825,10
8779,0.862456383,36,0.782138485,12
8780,0.858336968,32,0.776486987,10
8781,0.852949487,56,0.770163198,13
8782,0.859009952,32,0.778022736,12
8783,0.865258865,33,0.7848691,11
8784,0.851740785,34,0.768609714,16
8785,0.853843845,33,0.770819088,13
8786,0.861286832,35,0.779256561,12
8788,0.860253971,32,0.778569895,16
8789,0.859592005,32,0.779899009,12
8790,0.865120531,34,0.783953613,11
8791,0.860277617,31,0.779129339,14
8792,0.852267446,33,0.769924094,14
8794,0.858796075,33,0.776949425,11
8795,0.853951286,41,0.769958046,10
8796,0.863598244,32,0.783267702,11
8797,0.859518962,57,0.777630452,10
8799,0.858580266,34,0.775866835,9
8800,0.856166795,34,0.774800956,10
8802,0.857006667,33,0.774167997,10
8803,0.86459638,32,0.783395153,12
8804,0.861642177,33,0.780074999,19
8805,0.862740549,32,0.782469397,21
8806,0.858972032,33,0.7782107,20
8807,0.855695197,33,0.774064304,9
8808,0.849999677,34,0.767041352,15
8810,0.850191814,38,0.766471942,10
8811,0.854095039,33,0.772161021,16
8813,0.851681291,33,0.768033157,12
8814,0.854263517,34,0.772562824,11
8815,0.863922616,32,0.782978665,10
8816,0.864532893,34,0.784178244,14
8817,0.860658135,33,0.780611431,10
8818,0.856783819,32,0.775278044,12
8819,0.864433396,34,0.7833545,19
8820,0.857614975,34,0.776869593,10
8821,0.863873026,33,0.783410655,10
8822,0.863898072,32,0.783533069,13
8825,0.862758185,34,0.782134636,11
8826,0.856584741,72,0.774179317,28
8827,0.86399196,33,0.783391094,11
8828,0.858778944,33,0.779141674,14
8829,0.86071606,95,0.779623987,12
8830,0.860658442,34,0.777718236,15
8833,0.858316086,57,0.777252154,13
8834,0.865063837,34,0.784571926,14
8835,0.864411834,33,0.783475762,11
8837,0.859357045,47,0.778647239,11
8838,0.859189132,35,0.7791771,15
8840,0.860947169,33,0.778483601,13
8842,0.861559845,33,0.780535253,10
8843,0.865088986,56,0.78431522,25
8845,0.85410308,34,0.770917471,14
8846,0.857702152,34,0.774770127,17
8849,0.856810412,33,0.773114391,10
8851,0.85952942,32,0.776879066,9
8852,0.85887596,34,0.777546687,11
8853,0.858087835,34,0.776409243,11
8855,0.852787096,32,0.771462175,11
8856,0.860228937,32,0.78027422,10
8858,0.859590943,33,0.776752796,10
8859,0.85127424,32,0.767195547,12
8860,0.859735528,33,0.778594675,12
8861,0.864783962,34,0.784263987,12
8862,0.857802726,33,0.777752832,13
8863,0.863173246,35,0.78198413,12
8865,0.860921246,32,0.780959148,18
8866,0.864141086,33,0.782997315,10
8868,0.862818419,34,0.781371747,10
8869,0.85873912,37,0.778851882,10
8870,0.85480539,32,0.772776751,12
8871,0.862028053,32,0.780526518,12
8872,0.863495598,34,0.783285849,13
8873,0.859820378,34,0.779647097,10
8874,0.852622381,34,0.769693899,12
8875,0.856884565,36,0.773545588,16
8876,0.864293517,33,0.783467908,15
8877,0.864248197,34,0.783976879,10
8878,0.854468171,34,0.772972962,13
8879,0.858000326,45,0.775966235,14
8881,0.855633755,33,0.774291192,11
8883,0.861390851,33,0.779000449,16
8885,0.864222943,33,0.783815159,9
8887,0.861906046,34,0.781940268,11
8888,0.8566476,35,0.774637344,9
8889,0.857978777,33,0.777309762,10
8890,0.86253525,53,0.782206309,16
8891,0.856633844,33,0.772646057,11
8892,0.863865016,31,0.783211639,12
8893,0.855758454,33,0.774083678,10
8894,0.852288212,33,0.769346516,12
8895,0.853349294,34,0.771086845,10
8896,0.864079458,33,0.783978064,13
8897,0.859749114,33,0.779929449,14
8900,0.86509104,34,0.783856177,17
8902,0.865004603,33,0.78386372,12
8903,0.859743413,33,0.779071938,16
8904,0.860179359,48,0.778711321,16
8905,0.855372427,33,0.774139729,16
8906,0.857659427,31,0.777896893,12
8907,0.862574292,33,0.78121236,11
8909,0.860118921,34,0.778078747,15
8910,0.862114284,31,0.781571392,16
8911,0.865542673,55,0.784926908,16
8912,0.861955664,32,0.780382197,9
8913,0.856897117,67,0.775172987,23
8914,0.860524654,34,0.778635384,11
8915,0.864491996,34,0.784115856,13
8916,0.864000836,34,0.783016259,13
8918,0.849691203,56,0.766344613,16
8920,0.859420565,32,0.777900057,14
8923,0.857790512,33,0.775967619,12
8924,0.865005567,33,0.783712,15
8926,0.855512594,32,0.77313737,13
8928,0.8560962,33,0.775502672,12
8929,0.86294777,34,0.781682507,10
8930,0.859510166,33,0.77678657,12
8931,0.858579606,33,0.776633211,9
8932,0.855343138,34,0.774883565,9
8933,0.855383142,33,0.774601985,11
8934,0.85258631,33,0.769451691,14
8935,0.861944507,33,0.78061301,11
8937,0.859813699,34,0.779731814,10
8938,0.85843056,42,0.776468151,10
8940,0.860448798,30,0.77912014,13
8942,0.848751261,33,0.764562972,11
8944,0.861917009,33,0.782024756,13
8945,0.860712222,33,0.778965686,15
8946,0.865747667,34,0.784900977,18
8948,0.861216862,33,0.780919324,16
8949,0.863983657,35,0.782668371,11
8950,0.862742759,34,0.7819992,10
8952,0.861229905,35,0.781171255,10
8953,0.853525798,33,0.769242606,12
8954,0.859610613,35,0.779750225,18
8955,0.848231335,34,0.763874855,12
8956,0.854563834,33,0.772743387,11
8957,0.861530754,34,0.780218557,13
8959,0.847874296,31,0.764875266,20
8960,0.855247703,45,0.772269069,14
8961,0.859996422,34,0.777541594,10
8962,0.852822739,33,0.771447627,11
8963,0.859479514,34,0.77834082,13
8964,0.858368218,33,0.778594678,10
8965,0.859738572,33,0.779116414,12
8967,0.859326021,32,0.777501846,12
8968,0.86352227,32,0.782310935,10
8969,0.865165623,33,0.784003386,13
8970,0.862077613,32,0.781811914,14
8972,0.863172804,31,0.782200159,14
8973,0.855650163,34,0.775340601,10
8974,0.8657365,35,0.785121824,11
8976,0.862315076,33,0.781121191,20
8977,0.851806372,35,0.769389449,11
8978,0.865270088,33,0.784638058,12
8979,0.861782566,38,0.780935644,11
8980,0.863059273,32,0.782767636,15
8981,0.859542738,33,0.778097648,22
8983,0.865253456,34,0.784736483,12
8984,0.860313436,33,0.778791007,17
8985,0.865367581,31,0.784878914,10
8986,0.860018098,37,0.779874594,10
8987,0.85460106,55,0.772263781,16
8988,0.865178095,33,0.784541646,14
8989,0.861726139,33,0.779880682,10
8990,0.86081408,47,0.779839029,11
8992,0.860820245,33,0.780989475,11
8994,0.854716451,34,0.772598938,11
8995,0.86540529,33,0.7845641,10
8997,0.86406385,32,0.783149234,12
8998,0.863908973,34,0.783235063,13
8999,0.853651747,34,0.770341048,9
9000,0.861385772,55,0.781080675,11
9001,0.859885328,34,0.77825398,22
9003,0.860217213,33,0.779312768,13
9004,0.853003635,32,0.771332659,10
9005,0.859915721,34,0.780087757,9
9006,0.85702974,50,0.775003518,17
9007,0.857128511,33,0.776185374,10
9008,0.853078536,32,0.771284958,11
9009,0.86151941,34,0.781767127,10
9010,0.862585207,31,0.782319283,10
9011,0.86290437,37,0.781798735,14
9012,0.862231259,31,0.780903725,23
9013,0.865016672,33,0.784626597,13
9014,0.860370252,34,0.778498639,14
9016,0.863600082,33,0.782468542,18
9017,0.854507401,34,0.77267859,23
9018,0.858719039,33,0.777007979,14
9020,0.865638027,39,0.784935994,14
9022,0.863099861,32,0.781857385,9
9025,0.863454102,34,0.782139983,10
9026,0.862222397,33,0.781160316,11
9027,0.866114123,32,0.78533581,15
9028,0.86300853,65,0.781221068,14
9031,0.864812799,34,0.783974598,10
9032,0.859668049,34,0.777846759,24
9033,0.859341634,47,0.777607442,10
9034,0.86073973,88,0.780150815,15
9035,0.859344792,33,0.779445697,28
9037,0.852960957,38,0.770194719,14
9038,0.849909235,34,0.767033273,12
9039,0.857013323,34,0.775052477,13
9041,0.864615411,34,0.78399667,10
9042,0.859444952,37,0.779740092,11
9044,0.85988189,36,0.780057291,12
9045,0.855049252,32,0.773632712,10
9047,0.856387118,44,0.774136911,10
9048,0.863579943,33,0.782139018,12
9050,0.864329685,59,0.783403911,17
9052,0.864005988,34,0.782885011,15
9053,0.86087744,33,0.778811756,11
9055,0.862164783,33,0.78070299,9
9056,0.859124347,30,0.779100364,11
9057,0.860899323,33,0.779536951,15
9058,0.864141616,33,0.782947343,10
9059,0.855552076,32,0.772394232,10
9060,0.861182018,34,0.781118989,10
9061,0.864833546,33,0.784421753,9
9063,0.859689892,74,0.77864786,25
9064,0.855374992,33,0.772002718,12
9065,0.863232858,33,0.781856363,11
9066,0.851486189,34,0.765914059,9
9067,0.85623942,43,0.774864973,10
9068,0.862835859,70,0.781691689,24
9069,0.854157224,34,0.771540327,13
9070,0.857280879,34,0.775490794,10
9071,0.862966118,31,0.782409421,19
9072,0.862173281,32,0.780540722,11
9073,0.860126849,34,0.778515238,17
9074,0.866191745,55,0.785563208,10
9075,0.862497713,48,0.780809056,23
9076,0.858259538,32,0.776591161,10
9078,0.855588588,34,0.773616016,11
9079,0.863396293,44,0.782236127,11
9082,0.862950656,32,0.781790711,10
9083,0.863908253,33,0.782191087,10
9084,0.856897874,34,0.774559191,12
9086,0.860490879,33,0.78062355,14
9088,0.865567831,34,0.784663894,10
9089,0.864534132,33,0.783897326,12
9090,0.865586858,34,0.784501875,11
9091,0.857052325,45,0.774963772,10
9092,0.851385598,34,0.769601033,13
9093,0.864444867,33,0.783886657,12
9094,0.858561643,35,0.776557365,10
9095,0.863841901,34,0.782951125,10
9096,0.86298093,34,0.782222676,14
9097,0.865777321,33,0.785222464,22
9098,0.863204409,41,0.782388955,11
9100,0.864613367,32,0.784295608,10
9101,0.861426674,33,0.781184151,11
9102,0.856205563,32,0.77372274,12
9103,0.854331787,33,0.771326009,10
9105,0.862049042,36,0.780420644,9
9106,0.863459099,34,0.782761574,16
9107,0.86564178,56,0.78472973,10
9108,0.857019984,33,0.774626175,9
9109,0.856373779,32,0.774542681,11
9110,0.857763041,32,0.776079658,13
9112,0.861368093,34,0.779466197,22
9113,0.859741588,40,0.778082831,10
9114,0.863269824,33,0.782148391,12
9115,0.862002764,36,0.781619153,13
9116,0.855619899,32,0.773964932,10
9117,0.864125607,33,0.783496636,11
9118,0.859618716,33,0.778646017,10
9119,0.864787118,33,0.783592805,12
9120,0.859342372,46,0.778085027,21
9121,0.862311285,34,0.781070574,13
9123,0.86261735,34,0.782067697,12
9125,0.859477592,33,0.779326188,15
9127,0.850051469,33,0.765249341,17
9128,0.865673568,33,0.785101365,11
9130,0.86167502,33,0.781410922,10
9131,0.86560317,33,0.784654232,11
9132,0.860427929,33,0.779062406,10
9133,0.857032444,34,0.77483025,10
9134,0.865993267,34,0.785261012,13
9135,0.862931638,34,0.781642971,13
9137,0.861781513,34,0.781714943,10
9138,0.859935184,33,0.778130695,10
9139,0.859656704,33,0.778986245,11
9140,0.863585332,56,0.78277184,15
9141,0.862080893,59,0.781223098,10
9142,0.864310884,92,0.783195861,29
9143,0.862086147,33,0.781573213,10
9145,0.864459719,45,0.783286392,10
9147,0.856311775,32,0.774356702,13
9150,0.856187877,34,0.774044469,12
9151,0.861015306,31,0.779403338,14
9152,0.865116554,33,0.784425486,10
9153,0.85685421,34,0.775301178,17
9155,0.856595001,47,0.774802412,10
9157,0.859127052,34,0.77927615,12
9158,0.86023346,34,0.780196259,15
9159,0.864480692,33,0.783267244,18
9160,0.862379464,32,0.78226577,9
9162,0.856620254,34,0.776804249,13
9163,0.85916369,38,0.77799742,12
9165,0.858643774,34,0.777624299,11
9166,0.864876993,37,0.783805702,12
9167,0.858204918,80,0.775931182,20
9168,0.861781731,34,0.779664885,10
9169,0.855627454,34,0.773072935,11
9170,0.863109089,33,0.781617216,12
9171,0.856907238,34,0.776347543,10
9172,0.855853054,31,0.774119548,12
9174,0.861121679,34,0.781045083,10
9175,0.856570536,33,0.774501458,10
9176,0.863873397,33,0.783027133,13
9177,0.865009959,33,0.784290776,10
9179,0.85721013,34,0.774653274,19
9180,0.855514507,34,0.774371813,18
9181,0.862766557,34,0.781657265,15
9183,0.860602859,33,0.778984942,13
9184,0.850231802,31,0.767293353,9
9185,0.861833294,34,0.781724522,11
9186,0.852523173,44,0.768780447,11
9187,0.863527952,37,0.78308009,26
9188,0.86174034,34,0.780265401,10
9190,0.86439416,33,0.783537582,10
9191,0.852256704,31,0.769572404,13
9192,0.858200347,34,0.776900107,11
9193,0.860737413,36,0.77907244,18
9194,0.858134618,41,0.776112702,11
9197,0.864782107,33,0.783709948,12
9198,0.861339918,34,0.780314057,13
9202,0.860119913,33,0.778057581,13
9203,0.860998206,33,0.779133837,13
9204,0.865499025,34,0.784528379,15
9205,0.851502745,35,0.767285832,14
9206,0.862279967,33,0.782237306,13
9207,0.861568258,33,0.781466014,12
9208,0.86148976,34,0.779814076,12
9209,0.853917545,33,0.771800213,12
9210,0.86523622,37,0.784709649,10
9211,0.859106094,33,0.779457591,12
9212,0.860719181,44,0.780367909,13
9213,0.858788213,68,0.779082034,22
9214,0.856413738,33,0.774818695,10
9215,0.85115008,32,0.767555352,13
9216,0.859847009,32,0.778859731,14
9217,0.850287378,35,0.76814178,21
9218,0.853630413,33,0.770184624,13
9219,0.862731506,33,0.781659684,21
9220,0.858140455,33,0.777061789,11
9221,0.863599082,34,0.782126734,12
9222,0.863308695,43,0.782996096,16
9223,0.855578442,33,0.77414986,12
9224,0.861921189,34,0.781709969,14
9225,0.859675455,34,0.779463177,13
9226,0.862915557,34,0.781698066,12
9227,0.862585066,37,0.781442928,9
9228,0.856692134,33,0.775302672,10
9229,0.860229852,33,0.778042999,15
9230,0.864506287,33,0.78395498,10
9231,0.855728473,47,0.773888336,10
9232,0.856694679,33,0.773492719,12
9234,0.864829624,48,0.784415751,14
9235,0.861171461,32,0.779569692,14
9236,0.857917589,32,0.777693063,20
9239,0.849807816,50,0.765875298,15
9240,0.855860281,53,0.773725064,16
9241,0.862642415,34,0.78172905,10
9242,0.862975201,34,0.782265278,10
9243,0.856089586,34,0.774404755,14
9245,0.857407003,34,0.776551743,12
9246,0.864048845,34,0.78381712,9
9247,0.860920187,52,0.780980958,11
9248,0.865177898,34,0.784746433,13
9249,0.86280044,32,0.78159402,12
9250,0.857470049,31,0.775696117,9
9251,0.862673462,32,0.781992324,17
9252,0.864448769,34,0.783787404,10
9253,0.858604695,32,0.777477578,13
9254,0.866380539,34,0.78578708,12
9255,0.864332185,33,0.784053559,11
9256,0.860879444,33,0.780609028,10
9257,0.858776242,41,0.776690863,12
9258,0.851163285,52,0.767424836,13
9259,0.859483872,33,0.777285723,15
9260,0.856944892,33,0.774989765,10
9261,0.865285024,33,0.784477218,15
9262,0.863340387,47,0.782064155,16
9263,0.865333117,33,0.784625408,13
9266,0.863219094,35,0.782140033,11
9268,0.863055164,32,0.782441088,17
9269,0.865530588,33,0.785109746,9
9270,0.861107767,33,0.780170915,18
9271,0.861386641,34,0.779464157,14
9273,0.865447859,47,0.784765967,13
9275,0.861791947,34,0.780591387,15
9276,0.862510516,33,0.780904162,10
9277,0.860179901,33,0.777848244,9
9278,0.862140604,34,0.781798089,11
9280,0.864229974,34,0.783291504,12
9282,0.85935223,35,0.777878693,14
9283,0.860588183,37,0.778843309,13
9284,0.858545996,32,0.776847352,13
9288,0.859241806,34,0.777269607,16
9289,0.864083468,34,0.783038882,10
9290,0.859281031,32,0.778184353,12
9291,0.856607449,57,0.774270708,24
9292,0.855599881,34,0.773834894,9
9293,0.853726981,34,0.772139822,12
9294,0.859180905,34,0.777545559,10
9295,0.855105767,34,0.772811603,10
9296,0.857055401,32,0.775036904,18
9297,0.859427169,32,0.77802353,18
9298,0.863362734,48,0.782848147,11
9299,0.853334762,35,0.769906148,13
9300,0.864921482,33,0.784471037,12
9301,0.854520909,34,0.771002312,14
9302,0.857782647,34,0.775946261,17
9303,0.863499487,58,0.782609522,16
9304,0.861318624,32,0.780978255,16
9305,0.851368867,34,0.76768618,12
9307,0.862458103,34,0.78179507,14
9309,0.865737327,33,0.78513456,11
9310,0.853991003,38,0.771626493,12
9311,0.857025426,33,0.775193561,12
9312,0.864360721,34,0.782708118,12
9313,0.865618838,34,0.784912644,10
9315,0.865271449,32,0.784886578,13
9316,0.853849454,32,0.770697869,15
9317,0.852756942,54,0.7707282,16
9318,0.858969193,54,0.779299161,13
9319,0.860978852,34,0.78080319,10
9321,0.859252515,32,0.777483911,10
9322,0.864514033,33,0.783411328,10
9323,0.853017915,32,0.77069436,12
9324,0.852778553,42,0.769706302,9
9327,0.866278072,48,0.785755044,12
9328,0.861172019,33,0.781142174,11
9329,0.85826588,34,0.775615938,11
9330,0.852942251,33,0.769799359,10
9331,0.858587444,34,0.777496127,11
9333,0.863695387,34,0.783411284,11
9334,0.856844672,82,0.774419859,15
9335,0.860418105,33,0.780502159,10
9337,0.852461292,58,0.769797268,11
9339,0.856326049,33,0.775468919,12
9341,0.853146486,38,0.769974354,11
9342,0.857043287,34,0.775388432,21
9343,0.857422646,34,0.775989706,13
9344,0.861528455,34,0.781670667,10
9345,0.855261936,34,0.773145316,15
9347,0.859179209,32,0.77724027,13
9348,0.86546352,34,0.785053786,10
9349,0.852870893,35,0.77012085,11
9350,0.861969155,33,0.779802523,12
9353,0.85962546,33,0.778490429,12
9354,0.858229581,33,0.776492858,13
9356,0.862090663,33,0.78190235,15
9357,0.865482867,34,0.784759944,10
9358,0.862711775,32,0.78271489,10
9359,0.864997945,40,0.783768296,12
9360,0.862981307,33,0.782451281,11
9361,0.860685946,55,0.780530143,20
9362,0.862044592,35,0.779851901,10
9365,0.864077254,60,0.783483578,15
9366,0.856832952,33,0.775368787,10
9367,0.861916825,45,0.780271903,11
9368,0.853744732,31,0.771539136,15
9369,0.865237089,45,0.784519338,16
9370,0.862505234,34,0.780298238,14
9371,0.865793578,44,0.785404028,9
9372,0.863560631,33,0.78209236,10
9373,0.856658432,35,0.771569853,9
9374,0.860422263,32,0.778262516,14
9375,0.861810415,32,0.780034028,9
9376,0.861500859,34,0.779513179,14
9377,0.865732291,34,0.785384291,15
9379,0.864761907,34,0.784326016,11
9380,0.857721118,43,0.776521439,10
9381,0.860906003,33,0.780065181,11
9382,0.862132053,47,0.781968426,10
9385,0.857439099,33,0.775608609,13
9386,0.854620289,33,0.77129004,11
9387,0.864592594,33,0.78413551,10
9388,0.86477665,33,0.784541192,14
9389,0.86374213,33,0.782719311,20
9390,0.855570375,34,0.772755922,11
9391,0.864018254,33,0.783019667,10
9392,0.860586993,33,0.77982295,10
9393,0.857089769,32,0.775242769,10
9394,0.862504333,32,0.781041738,12
9395,0.861179669,33,0.780169547,10
9396,0.856199828,34,0.774472682,10
9397,0.858896659,32,0.777138049,19
9398,0.860093951,55,0.778618446,11
9399,0.866019438,41,0.785253652,15
9400,0.862515457,47,0.782292941,10
9402,0.861798611,33,0.781601237,15
9403,0.853880069,33,0.770964092,12
9404,0.866216418,33,0.785629356,10
9405,0.864284563,32,0.783210941,12
9406,0.856851191,32,0.776499066,10
9407,0.86396362,46,0.782936369,13
9408,0.863399784,33,0.782469344,10
9409,0.862975083,32,0.782212597,14
9412,0.863443716,74,0.783306595,20
9414,0.863326543,33,0.781816262,9
9415,0.861876249,58,0.781393476,24
9416,0.864304927,33,0.783277982,11
9417,0.860591897,33,0.780210658,12
9419,0.865596692,33,0.784585515,18
9420,0.854434221,33,0.772274195,17
9421,0.864777506,33,0.784272835,11
9422,0.861529041,33,0.780694615,10
9423,0.861574948,41,0.781088329,15
9424,0.864903311,41,0.783990917,10
9425,0.855760968,42,0.775351738,14
9426,0.860596855,60,0.779544791,19
9427,0.852108663,32,0.769594828,11
9428,0.861427443,35,0.779603074,14
9430,0.863353063,34,0.782945243,12
9431,0.859063264,34,0.777999065,10
9432,0.85722637,34,0.775025432,15
9433,0.858962097,33,0.779192379,15
9434,0.854513539,33,0.772811816,15
9435,0.859498611,32,0.779526902,12
9437,0.856010108,34,0.77473531,10
9438,0.866246432,32,0.785958814,9
9439,0.86377782,33,0.783047339,11
9440,0.860745308,64,0.78038452,17
9441,0.856152627,34,0.774128949,9
9443,0.863836262,32,0.78256104,12
9445,0.85950515,33,0.777391273,15
9446,0.861858346,54,0.780935943,13
9448,0.860882378,43,0.78002135,16
9449,0.863495963,38,0.781545781,11
9450,0.853981972,33,0.771954545,13
9451,0.862905026,30,0.782667212,10
9452,0.863197723,33,0.782224906,11
9453,0.857094834,34,0.774318448,18
9454,0.861251764,31,0.78071598,12
9455,0.85532008,39,0.772607412,13
9456,0.864465089,37,0.784219812,11
9457,0.865491645,37,0.784520554,11
9460,0.859696338,33,0.780005851,9
9461,0.859978743,33,0.779862711,10
9462,0.854064782,44,0.77178879,15
9463,0.861909799,34,0.78009783,13
9464,0.865247338,33,0.78468346,16
9465,0.86310751,36,0.78289133,15
9466,0.863607528,33,0.782683649,13
9468,0.863320367,33,0.783104264,10
9469,0.865418916,34,0.784880876,10
9470,0.856632004,32,0.776055772,13
9472,0.863955586,34,0.783723285,10
9473,0.857230979,33,0.775712405,11
9474,0.863990224,36,0.782910974,15
9475,0.863683073,33,0.783596056,11
9476,0.862671284,34,0.782195349,13
9477,0.853887657,33,0.768673677,12
9478,0.864615969,33,0.784273357,11
9479,0.851522208,33,0.769026993,29
9480,0.865123305,34,0.784387877,18
9481,0.854430962,34,0.772474193,9
9483,0.861424519,32,0.780208128,11
9484,0.85698373,33,0.775091808,10
9485,0.859094005,34,0.777132418,10
9486,0.864935328,36,0.784477791,16
9487,0.863971046,33,0.782709513,12
9488,0.861962508,34,0.781432211,11
9490,0.854108586,32,0.771913826,10
9492,0.853102491,55,0.769529094,20
9493,0.860074555,34,0.779157183,24
9495,0.859425411,33,0.77787257,14
9496,0.851357908,34,0.767713338,11
9497,0.860922595,67,0.779034843,14
9499,0.858006209,40,0.776320708,10
9500,0.855966509,33,0.773718977,15
9501,0.858973721,33,0.776881617,12
9502,0.857275605,32,0.776654075,10
9503,0.864902601,32,0.783802028,12
9504,0.855090652,34,0.772935911,12
9505,0.856686389,32,0.772970868,11
9506,0.85845318,41,0.776574257,10
9507,0.863558998,34,0.78282495,10
9508,0.859465148,34,0.779447295,9
9509,0.862616327,33,0.781372328,16
9510,0.857360193,54,0.775195716,15
9511,0.853224169,33,0.770586095,15
9512,0.861175811,33,0.781074296,11
9513,0.866079782,33,0.785470096,37
9515,0.864955191,32,0.783862827,10
9516,0.85341564,33,0.770107428,23
9517,0.86385273,35,0.78283498,12
9518,0.863750805,41,0.783625874,9
9519,0.86186615,33,0.780111034,10
9521,0.865106868,34,0.784557816,10
9522,0.854313742,34,0.771381953,11
9523,0.862857058,33,0.781184406,15
9524,0.858787097,33,0.77778596,17
9525,0.855510517,33,0.773160517,10
9526,0.860974568,45,0.779385312,13
9527,0.864589506,34,0.783594522,16
9528,0.862331743,34,0.781643828,10
9529,0.858157383,39,0.776176089,10
9530,0.863369797,34,0.782395317,10
9531,0.848496442,32,0.765992355,11
9532,0.856053135,34,0.77378853,10
9533,0.861355224,33,0.779772778,13
9534,0.862971495,40,0.781835505,12
9535,0.858796434,33,0.777363978,17
9536,0.857273837,33,0.775396862,10
9537,0.862016669,33,0.780384895,15
9538,0.864285559,33,0.783616293,13
9541,0.855716235,33,0.77410466,11
9542,0.858213974,44,0.777901936,12
9543,0.858734849,34,0.77705671,11
9544,0.861830119,33,0.781586501,16
9545,0.863194439,75,0.781954242,16
9546,0.856033296,33,0.774137138,14
9547,0.85370636,34,0.771155605,10
9548,0.865072014,34,0.783910539,20
9549,0.851527566,45,0.768593917,20
9550,0.856419934,41,0.774835573,9
9551,0.857301201,33,0.774995912,15
9552,0.85571908,42,0.773078844,11
9553,0.863355113,34,0.782531762,11
9554,0.859172935,65,0.779421629,22
9555,0.866058132,34,0.785570737,10
9556,0.858365448,49,0.776526129,12
9557,0.859495747,34,0.77781324,9
9558,0.85325122,33,0.7677378,11
9559,0.865309914,33,0.784969735,13
9560,0.856367096,32,0.77339947,12
9561,0.861812553,33,0.780780005,12
9562,0.862298897,32,0.781057568,10
9564,0.862674047,33,0.781434375,15
9565,0.864200273,39,0.783245118,10
9566,0.862329881,33,0.78032979,16
9567,0.86242011,32,0.781077347,10
9568,0.862245955,37,0.781596525,10
9571,0.86042827,49,0.778681042,10
9572,0.855419431,36,0.772837544,20
9573,0.862166739,32,0.78108908,15
9574,0.863425537,34,0.782440141,10
9575,0.864005574,33,0.78318067,12
9576,0.859069416,32,0.7770959,15
9577,0.857227946,33,0.775329411,9
9582,0.855597455,33,0.773999412,10
9583,0.860247038,77,0.778840799,32
9584,0.858214774,32,0.777642902,10
9585,0.861601232,34,0.780275669,12
9586,0.85887488,33,0.77765725,18
9587,0.859576645,33,0.778428914,10
9588,0.862915901,30,0.781679829,10
9589,0.861054832,36,0.779710706,15
9590,0.861945873,33,0.782001358,14
9591,0.86105237,33,0.779827222,14
9592,0.861809164,34,0.780813592,32
9593,0.858235355,34,0.776429922,12
9595,0.865820669,34,0.785139367,11
9596,0.863273069,34,0.783159265,12
9598,0.861732141,34,0.781079868,11
9599,0.858757509,34,0.776272911,10
9600,0.857973926,33,0.777298013,10
9601,0.865725868,34,0.785214137,10
9602,0.858495222,32,0.777132784,13
9604,0.85672666,34,0.774821881,10
9605,0.856228809,84,0.773821963,32
9606,0.86324377,33,0.783144187,15
9607,0.861959419,32,0.782007333,16
9608,0.860355381,34,0.778865526,11
9609,0.861411989,33,0.780913394,16
9610,0.859409833,33,0.77816969,10
9611,0.863597912,49,0.782709139,15
9612,0.855077395,32,0.773709569,16
9613,0.858469573,33,0.775860887,12
9614,0.861124674,34,0.77956063,9
9615,0.863982736,33,0.7825842,12
9618,0.859432921,33,0.776958253,12
9619,0.861933626,34,0.780033393,12
9620,0.856211062,35,0.774285702,15
9621,0.860754904,40,0.780851172,10
9623,0.853691954,52,0.771047556,16
9624,0.855422781,32,0.773316338,11
9625,0.865868219,32,0.785054655,12
9627,0.861693313,52,0.78169413,25
9628,0.856717539,33,0.775423061,12
9630,0.861223619,33,0.779876428,12
9631,0.863018963,32,0.781138882,11
9632,0.861086007,34,0.780782646,11
9633,0.863711845,32,0.782367094,12
9634,0.862044622,33,0.781835591,13
9635,0.862359091,36,0.780863066,15
9636,0.85980921,32,0.777406401,13
9637,0.860900645,34,0.780194255,15
9638,0.856584547,32,0.774451988,12
9639,0.854957164,51,0.771425911,12
9640,0.854031545,32,0.770686502,15
9641,0.863327693,34,0.782118016,10
9642,0.865760698,33,0.78504045,16
9643,0.864548438,35,0.784017044,10
9645,0.865157944,34,0.784502821,12
9646,0.86309654,33,0.782608508,19
9647,0.855738574,99,0.77392291,20
9648,0.853949908,34,0.771463513,14
9649,0.856304778,55,0.774682424,13
9650,0.854664007,34,0.771441172,12
9651,0.864143615,33,0.783613928,14
9652,0.858780309,33,0.777886591,15
9653,0.858581421,33,0.776848719,11
9654,0.855828958,33,0.773552252,12
9655,0.861491611,34,0.779233245,16
9656,0.860053343,46,0.779757263,10
9657,0.859529635,33,0.77876659,10
9658,0.85409527,38,0.77200586,10
9659,0.865699829,41,0.785259003,14
9660,0.859266027,69,0.777923525,28
9661,0.859026013,33,0.777624626,16
9662,0.86224205,33,0.780712722,10
9663,0.851610339,34,0.767779102,16
9665,0.850796519,33,0.765786828,11
9667,0.861813335,33,0.781552257,12
9668,0.857743101,34,0.774456115,9
9670,0.866017701,33,0.785480352,10
9671,0.861105182,41,0.779579439,9
9672,0.847314127,62,0.761107276,16
9673,0.856040891,33,0.773689592,10
9674,0.862501357,33,0.781296821,17
9675,0.864144477,33,0.782771842,10
9676,0.854922566,34,0.772755322,10
9677,0.853978978,33,0.773352057,14
9679,0.865058896,33,0.783894413,12
9680,0.851487249,59,0.76803155,19
9681,0.86205787,37,0.781899817,13
9683,0.855161318,33,0.77234458,13
9684,0.857416507,50,0.775031049,10
9685,0.860042507,33,0.778092046,13
9686,0.857091788,33,0.775086847,27
9687,0.855204759,31,0.77273056,11
9688,0.859025637,90,0.777639114,10
9689,0.86069204,45,0.780612025,11
9690,0.860761681,34,0.780647132,13
9691,0.86531073,32,0.784688003,15
9692,0.86502952,33,0.784608069,11
9693,0.86210652,33,0.780968825,14
9694,0.86272897,40,0.78198915,9
9695,0.866122573,34,0.785545856,10
9698,0.864194348,32,0.78314312,14
9699,0.861940471,39,0.780973112,12
9701,0.851354039,34,0.767462831,18
9702,0.862073524,33,0.780582372,11
9703,0.858726029,33,0.777411096,14
9704,0.857008658,32,0.774899688,11
9705,0.858004172,33,0.776132046,10
9706,0.857934939,34,0.776381653,14
9707,0.865931374,31,0.785091877,10
9708,0.850789465,34,0.766408009,11
9709,0.849209122,33,0.766353224,11
9710,0.866051482,60,0.7855085,13
9711,0.855464853,32,0.772837681,12
9712,0.852248958,34,0.769879153,13
9714,0.859850958,38,0.779215704,11
9715,0.854501138,33,0.770047433,10
9716,0.865459296,32,0.784991547,13
9717,0.861204721,34,0.779718407,16
9718,0.857575571,34,0.77624025,12
9719,0.862941499,33,0.781415071,10
9720,0.857015857,50,0.77424047,14
9723,0.85763835,46,0.775187789,10
9725,0.858980669,34,0.778867421,18
9729,0.847000133,33,0.762409366,11
9730,0.86423037,34,0.783344126,11
9731,0.860684321,33,0.779697133,11
9732,0.86141077,33,0.780268333,12
9733,0.856391585,34,0.774503866,11
9736,0.865925162,38,0.785085532,10
9737,0.861461883,32,0.781178043,13
9738,0.864642842,31,0.784094613,16
9739,0.852603595,34,0.769709055,10
9740,0.859701961,34,0.779184799,10
9741,0.854124554,34,0.771682627,14
9742,0.853971287,35,0.773150967,9
9743,0.859595782,33,0.779898095,16
9744,0.86020074,36,0.778183446,9
9745,0.852807582,33,0.770724219,11
9746,0.863929355,34,0.782664087,10
9747,0.861984967,48,0.780115603,14
9748,0.854917493,34,0.773977314,10
9749,0.853758004,34,0.770920568,25
9751,0.862012941,33,0.781852035,15
9752,0.865922056,33,0.785196855,20
9753,0.862227288,33,0.781724962,12
9754,0.860236101,42,0.778488363,10
9755,0.862776755,32,0.781243239,13
9756,0.861451919,46,0.780411278,14
9757,0.857527519,33,0.774484735,14
9758,0.858809218,33,0.777118091,15
9760,0.860670595,34,0.779838012,10
9762,0.859863483,34,0.778066156,12
9764,0.863317862,38,0.783093175,10
9765,0.861128833,33,0.779916611,12
9766,0.85988555,33,0.778412476,11
9767,0.862521527,35,0.78237275,10
9768,0.861932819,33,0.781614271,10
9769,0.861905312,34,0.781269282,13
9771,0.855472575,34,0.772404445,12
9772,0.857638783,33,0.775436951,15
9773,0.857839408,33,0.77479721,14
9776,0.847864567,51,0.764013989,9
9778,0.857051066,33,0.774720733,10
9779,0.858116197,32,0.776742809,11
9780,0.861646056,55,0.780943381,15
9781,0.858342694,34,0.777701266,11
9782,0.865834083,33,0.785043616,27
9783,0.851940345,33,0.767751508,12
9785,0.857658735,33,0.777182339,13
9786,0.861797759,34,0.780698062,11
9787,0.861767669,33,0.7811959,13
9788,0.860190935,32,0.780405437,16
9789,0.851797393,33,0.766478921,14
9790,0.858072534,33,0.776590665,10
9792,0.862555213,34,0.781009362,13
9793,0.862646137,33,0.782615561,25
9795,0.861865932,34,0.78160652,12
9796,0.86492871,32,0.784333001,12
9797,0.860357938,35,0.78010258,16
9799,0.853577608,35,0.77064055,15
9801,0.862606855,34,0.781780936,12
9802,0.860955703,38,0.781091839,9
9803,0.856262353,58,0.774670979,10
9805,0.859767229,33,0.779169149,11
9806,0.862812236,37,0.780830768,13
9807,0.855299592,32,0.773188833,10
9808,0.85855785,33,0.778870651,16
9809,0.861859053,32,0.782014501,10
9810,0.864537838,33,0.783080234,15
9812,0.86087275,35,0.780461927,10
9813,0.86253384,35,0.781667184,19
9815,0.864439449,34,0.783749674,11
9816,0.859232254,33,0.777576511,10
9819,0.860298547,35,0.778707228,13
9820,0.86393379,33,0.782473608,13
9821,0.86060719,34,0.779053196,19
9822,0.866022327,33,0.785567046,10
9823,0.855540941,33,0.773494775,13
9824,0.859325227,34,0.778135395,10
9825,0.864951768,33,0.784357171,10
9826,0.865161972,34,0.784441973,16
9827,0.860691528,32,0.778687764,11
9828,0.863822881,33,0.783191239,19
9829,0.859458074,34,0.778409931,9
9831,0.863193692,46,0.782883178,14
9832,0.862470066,34,0.782068564,13
9833,0.851277148,33,0.768291197,9
9834,0.86522824,35,0.784546318,13
9835,0.857674689,33,0.775252874,11
9838,0.85539154,34,0.773553703,11
9839,0.860223198,31,0.779434897,14
9840,0.857759287,32,0.776064716,12
9842,0.85568347,33,0.771489658,20
9843,0.857148081,32,0.775130302,11
9844,0.864181609,33,0.783659552,18
9845,0.854951073,59,0.773084734,14
9846,0.855184941,33,0.77324024,13
9847,0.86034103,32,0.779489792,13
9848,0.859197892,34,0.77729558,13
9849,0.85417614,33,0.772467734,10
9850,0.852329372,33,0.770725171,15
9851,0.862875772,34,0.78169568,10
9852,0.860980547,55,0.779347537,13
9853,0.85620095,34,0.774920971,10
9854,0.85767044,33,0.776039093,13
9855,0.856235901,32,0.773295426,20
9856,0.864306316,32,0.78311123,11
9857,0.860770205,33,0.778837643,12
9858,0.86306357,33,0.781418632,11
9859,0.858599255,33,0.778653581,13
9860,0.866234726,32,0.78582018,25
9861,0.864347623,39,0.784027904,9
9862,0.865009994,34,0.784519306,10
9864,0.861162761,33,0.779954203,15
9870,0.859094452,31,0.777216313,10
9871,0.858784129,33,0.778623879,17
9872,0.852431909,32,0.770328279,10
9873,0.849329514,33,0.765814973,18
9874,0.861504906,33,0.78048766,10
9875,0.857634332,36,0.776334913,12
9876,0.860407241,34,0.779915801,15
9877,0.860770336,32,0.780823339,13
9878,0.863422328,36,0.782492388,9
9879,0.860356668,37,0.780079617,12
9881,0.854247093,37,0.771876737,13
9883,0.858028301,33,0.776668695,11
9884,0.859052144,33,0.777549636,12
9885,0.862298656,34,0.780603794,13
9888,0.853157461,33,0.770469885,15
9889,0.861567523,35,0.779857093,11
9890,0.847048234,33,0.763464359,10
9891,0.86224607,33,0.781846257,10
9892,0.860647386,33,0.778536215,10
9893,0.860520372,44,0.779342078,12
9894,0.860952414,33,0.780922558,15
9895,0.864121556,34,0.783604354,14
9896,0.853181823,34,0.770534256,10
9897,0.860144545,37,0.777393289,13
9898,0.85734196,34,0.775693499,26
9900,0.855151973,71,0.773235425,15
9901,0.858491774,33,0.776168578,10
9903,0.865372621,34,0.784858844,12
9904,0.858813766,52,0.777210542,10
9905,0.861165005,33,0.779611101,13
9906,0.861158386,34,0.780335178,10
9907,0.855505395,34,0.773586256,14
9908,0.863622711,34,0.782522194,17
9909,0.865352418,33,0.784947365,10
9913,0.861612014,34,0.780639372,13
9914,0.846305756,33,0.759890373,11
9915,0.859726081,38,0.778416282,10
9917,0.859311644,33,0.778205735,14
9918,0.854143919,32,0.770376475,13
9920,0.858145,43,0.776654341,14
9923,0.862259082,34,0.7816925,12
9925,0.864218972,32,0.783520006,11
9926,0.864028676,62,0.782706096,15
9927,0.859288135,31,0.77756319,13
9928,0.859807457,32,0.779849264,16
9929,0.855565673,34,0.774277291,18
9930,0.864187382,60,0.782965603,15
9931,0.858008259,42,0.77819677,12
9932,0.864194233,33,0.783002709,17
9935,0.864518426,34,0.783809587,11
9936,0.85973238,31,0.779091357,11
9938,0.859149324,33,0.778083617,10
9939,0.866237948,32,0.78594022,11
9940,0.861339659,57,0.780140339,15
9942,0.864051111,30,0.783817485,10
9943,0.85700891,32,0.77514296,14
9944,0.862998823,33,0.782591405,11
9945,0.859983227,34,0.780095719,13
9946,0.858844969,33,0.778022558,16
9948,0.860025046,32,0.778345382,11
9949,0.858344848,32,0.775837768,10
9950,0.865756982,33,0.784817156,9
9951,0.862333853,32,0.780616159,12
9952,0.860715957,33,0.780561276,9
9954,0.856518184,34,0.774101562,11
9956,0.860746731,32,0.780879787,9
9957,0.862673911,30,0.781931883,15
9958,0.860940627,33,0.779799933,10
9959,0.855204299,34,0.773478377,9
9960,0.862547712,31,0.780832214,10
9961,0.858753787,33,0.779000811,12
9963,0.85511179,31,0.771363141,10
9964,0.86262132,34,0.781355231,17
9965,0.864004532,32,0.782666049,10
9966,0.857387647,32,0.775488441,13
9967,0.853095793,33,0.768345672,12
9968,0.864524087,34,0.783392196,22
9969,0.856486344,32,0.773939946,11
9970,0.858008371,34,0.775363114,9
9971,0.862586298,33,0.781151917,12
9972,0.859741253,33,0.779898422,10
9974,0.854960618,33,0.772497118,11
9975,0.861840719,34,0.781793358,22
9976,0.861615783,33,0.77987409,16
9977,0.856861476,36,0.774397372,15
9980,0.854901789,33,0.773048611,15
9981,0.862773818,32,0.782136479,14
9982,0.859237396,32,0.779382695,10
9983,0.860211847,34,0.778565148,11
9984,0.850575076,34,0.767410803,11
9985,0.852872385,34,0.77118727,28
9986,0.860970266,33,0.779058201,17
9987,0.858422341,34,0.776742932,12
9988,0.862117407,32,0.781436004,11
9989,0.862160466,34,0.78197734,14
9990,0.857258031,34,0.775599604,24
9991,0.864893223,33,0.783865525,10
9992,0.863955521,33,0.782927473,11
9993,0.862432565,33,0.781796327,10
9994,0.85025095,50,0.767434711,10
9995,0.86141103,47,0.779416247,9
9996,0.864614747,39,0.783392538,12
9997,0.86214069,35,0.781789077,9
9998,0.850176868,33,0.765345542,10
9999,0.853178294,32,0.770674398,12
10000,0.861937421,33,0.781307617,13
10001,0.864493732,33,0.783505304,11
10002,0.866414468,59,0.785847575,24
10003,0.862710546,34,0.781239546,11
10004,0.86119183,34,0.780824068,17
10005,0.864855734,34,0.784061388,9
10006,0.865113376,34,0.78435574,12
10007,0.858005507,34,0.777805155,12
10008,0.865074227,33,0.784019243,10
